"4.453","11.927","6.011"
"3.512","11.513","6.857"
"3.577","10.311","7.419"
"2.493","12.316","7.141"
"-0.990","8.725","6.882"
"2.834","15.169","4.233"
"2.782","14.059","4.764"
"3.182","16.262","4.898"
"7.512","19.778","6.972"
"6.829","23.589","4.859"
"4.000","25.854","8.718"
"4.907","25.760","7.747"
"5.905","24.891","7.858"
"0.159","18.010","5.463"
"0.012","20.482","9.225"
"0.883","19.936","10.348"
"1.248","18.759","10.338"
"0.561","24.376","9.167"
"4.754","20.064","4.393"
"4.605","18.879","4.686"
"5.615","20.858","5.026"
"-2.409","14.462","4.077"
"-1.114","13.977","4.204"
"-3.046","14.966","5.206"
"-0.449","14.029","5.430"
"-2.393","15.020","6.432"
"-1.092","14.552","6.542"
"-5.690","8.912","10.573"
"-5.058","8.427","9.456"
"-4.902","12.280","9.111"
"-3.012","16.723","9.443"
"-3.737","15.852","10.121"
