"Position","WT","Favorable_Mutation","Distance_to_Active_Site","Contact_Number","PSSM_Score","Designation"
"1","LYS","S","24.91847421091428","7","0","K1S"
"1","LYS","N","24.91847421091428","7","0","K1N"
"1","LYS","Q","24.91847421091428","7","2","K1Q"
"1","LYS","E","24.91847421091428","7","1","K1E"
"1","LYS","K","24.91847421091428","7","5","K1K"
"1","LYS","R","24.91847421091428","7","2","K1R"
"2","LYS","S","24.06605304157705","8","0","K2S"
"2","LYS","Q","24.06605304157705","8","2","K2Q"
"2","LYS","E","24.06605304157705","8","1","K2E"
"2","LYS","K","24.06605304157705","8","5","K2K"
"2","LYS","R","24.06605304157705","8","3","K2R"
"3","GLY","M","20.371677152360334","15","0","G3M"
"3","GLY","G","20.371677152360334","15","6","G3G"
"3","GLY","S","20.371677152360334","15","0","G3S"
"3","GLY","N","20.371677152360334","15","0","G3N"
"17","GLY","G","19.396562659399216","16","6","G17G"
"17","GLY","D","19.396562659399216","16","1","G17D"
"18","ASP","G","22.708416897705572","9","3","D18G"
"18","ASP","S","22.708416897705572","9","0","D18S"
"18","ASP","N","22.708416897705572","9","2","D18N"
"18","ASP","D","22.708416897705572","9","5","D18D"
"18","ASP","E","22.708416897705572","9","2","D18E"
"19","GLU","S","22.430657725532704","11","0","E19S"
"19","GLU","Q","22.430657725532704","11","1","E19Q"
"19","GLU","D","22.430657725532704","11","1","E19D"
"19","GLU","E","22.430657725532704","11","4","E19E"
"19","GLU","H","22.430657725532704","11","2","E19H"
"19","GLU","K","22.430657725532704","11","3","E19K"
"19","GLU","R","22.430657725532704","11","0","E19R"
"20","ASP","P","22.197973691307954","12","4","D20P"
"20","ASP","A","22.197973691307954","12","0","D20A"
"20","ASP","S","22.197973691307954","12","0","D20S"
"20","ASP","N","22.197973691307954","12","0","D20N"
"20","ASP","Q","22.197973691307954","12","0","D20Q"
"20","ASP","D","22.197973691307954","12","3","D20D"
"20","ASP","E","22.197973691307954","12","2","D20E"
"20","ASP","H","22.197973691307954","12","2","D20H"
"20","ASP","K","22.197973691307954","12","1","D20K"
"23","ARG","Q","19.200130207891817","16","0","R23Q"
"23","ARG","E","19.200130207891817","16","0","R23E"
"23","ARG","K","19.200130207891817","16","2","R23K"
"23","ARG","R","19.200130207891817","16","7","R23R"
"25","ILE","I","16.761442807825347","16","2","I25I"
"25","ILE","V","16.761442807825347","16","4","I25V"
"25","ILE","T","16.761442807825347","16","1","I25T"
"25","ILE","E","16.761442807825347","16","1","I25E"
"25","ILE","H","16.761442807825347","16","0","I25H"
"31","LYS","G","20.69711796361996","14","1","K31G"
"31","LYS","S","20.69711796361996","14","0","K31S"
"31","LYS","T","20.69711796361996","14","0","K31T"
"31","LYS","N","20.69711796361996","14","2","K31N"
"31","LYS","Q","20.69711796361996","14","1","K31Q"
"31","LYS","D","20.69711796361996","14","2","K31D"
"31","LYS","E","20.69711796361996","14","2","K31E"
"31","LYS","K","20.69711796361996","14","4","K31K"
"31","LYS","R","20.69711796361996","14","0","K31R"
"34","PRO","P","16.770290218120856","15","8","P34P"
"45","THR","L","18.05431330735124","16","0","T45L"
"45","THR","S","18.05431330735124","16","0","T45S"
"45","THR","T","18.05431330735124","16","4","T45T"
"45","THR","Q","18.05431330735124","16","1","T45Q"
"45","THR","E","18.05431330735124","16","1","T45E"
"45","THR","K","18.05431330735124","16","2","T45K"
"45","THR","R","18.05431330735124","16","0","T45R"
"47","GLU","P","18.485655141216935","14","2","E47P"
"47","GLU","S","18.485655141216935","14","1","E47S"
"47","GLU","T","18.485655141216935","14","1","E47T"
"47","GLU","N","18.485655141216935","14","1","E47N"
"47","GLU","Q","18.485655141216935","14","0","E47Q"
"47","GLU","D","18.485655141216935","14","0","E47D"
"47","GLU","E","18.485655141216935","14","3","E47E"
"47","GLU","H","18.485655141216935","14","2","E47H"
"47","GLU","K","18.485655141216935","14","1","E47K"
"48","LYS","P","16.537131371552928","13","1","K48P"
"48","LYS","T","16.537131371552928","13","0","K48T"
"48","LYS","N","16.537131371552928","13","0","K48N"
"48","LYS","Q","16.537131371552928","13","1","K48Q"
"48","LYS","D","16.537131371552928","13","1","K48D"
"48","LYS","E","16.537131371552928","13","3","K48E"
"48","LYS","H","16.537131371552928","13","0","K48H"
"48","LYS","K","16.537131371552928","13","4","K48K"
"48","LYS","R","16.537131371552928","13","0","K48R"
"49","GLY","G","16.354096551017427","10","6","G49G"
"49","GLY","N","16.354096551017427","10","1","G49N"
"49","GLY","K","16.354096551017427","10","0","G49K"
"138","GLU","S","18.342657986235253","14","1","E138S"
"138","GLU","N","18.342657986235253","14","0","E138N"
"138","GLU","Q","18.342657986235253","14","0","E138Q"
"138","GLU","D","18.342657986235253","14","3","E138D"
"138","GLU","E","18.342657986235253","14","5","E138E"
"138","GLU","K","18.342657986235253","14","1","E138K"
"141","GLU","N","17.820313605545778","11","2","E141N"
"141","GLU","D","17.820313605545778","11","6","E141D"
"141","GLU","E","17.820313605545778","11","1","E141E"
"159","LYS","V","16.161109491615978","15","0","K159V"
"159","LYS","S","16.161109491615978","15","0","K159S"
"159","LYS","Q","16.161109491615978","15","2","K159Q"
"159","LYS","D","16.161109491615978","15","1","K159D"
"159","LYS","E","16.161109491615978","15","3","K159E"
"159","LYS","K","16.161109491615978","15","3","K159K"
"159","LYS","R","16.161109491615978","15","0","K159R"
"164","ALA","I","18.149666250374963","15","1","A164I"
"164","ALA","V","18.149666250374963","15","1","A164V"
"164","ALA","A","18.149666250374963","15","3","A164A"
"164","ALA","S","18.149666250374963","15","1","A164S"
"164","ALA","T","18.149666250374963","15","1","A164T"
"164","ALA","D","18.149666250374963","15","0","A164D"
"164","ALA","E","18.149666250374963","15","0","A164E"
"164","ALA","H","18.149666250374963","15","0","A164H"
"164","ALA","K","18.149666250374963","15","1","A164K"
"165","ASP","S","18.91218065163296","16","0","D165S"
"165","ASP","N","18.91218065163296","16","2","D165N"
"165","ASP","D","18.91218065163296","16","7","D165D"
"165","ASP","E","18.91218065163296","16","1","D165E"
"169","ILE","F","22.745325717606242","14","1","I169F"
"169","ILE","M","22.745325717606242","14","0","I169M"
"169","ILE","I","22.745325717606242","14","3","I169I"
"169","ILE","L","22.745325717606242","14","3","I169L"
"169","ILE","V","22.745325717606242","14","1","I169V"
"169","ILE","E","22.745325717606242","14","3","I169E"
"169","ILE","H","22.745325717606242","14","0","I169H"
"170","GLU","P","24.596795258732385","8","6","E170P"
"170","GLU","V","24.596795258732385","8","1","E170V"
"170","GLU","T","24.596795258732385","8","1","E170T"
"170","GLU","D","24.596795258732385","8","2","E170D"
"170","GLU","E","24.596795258732385","8","1","E170E"
"171","VAL","M","24.935243030698537","16","2","V171M"
"171","VAL","I","24.935243030698537","16","3","V171I"
"171","VAL","L","24.935243030698537","16","1","V171L"
"171","VAL","V","24.935243030698537","16","4","V171V"
"171","VAL","T","24.935243030698537","16","0","V171T"
"172","GLU","W","28.513176778465077","6","1","E172W"
"172","GLU","P","28.513176778465077","6","1","E172P"
"172","GLU","A","28.513176778465077","6","1","E172A"
"172","GLU","S","28.513176778465077","6","0","E172S"
"172","GLU","T","28.513176778465077","6","1","E172T"
"172","GLU","Q","28.513176778465077","6","2","E172Q"
"172","GLU","D","28.513176778465077","6","3","E172D"
"172","GLU","E","28.513176778465077","6","3","E172E"
"172","GLU","K","28.513176778465077","6","0","E172K"
"173","LYS","G","28.154678634287414","8","1","K173G"
"173","LYS","S","28.154678634287414","8","0","K173S"
"173","LYS","T","28.154678634287414","8","1","K173T"
"173","LYS","N","28.154678634287414","8","0","K173N"
"173","LYS","Q","28.154678634287414","8","1","K173Q"
"173","LYS","D","28.154678634287414","8","1","K173D"
"173","LYS","E","28.154678634287414","8","3","K173E"
"173","LYS","K","28.154678634287414","8","2","K173K"
"174","PRO","P","24.916831700679765","14","8","P174P"
"174","PRO","S","24.916831700679765","14","0","P174S"
"174","PRO","E","24.916831700679765","14","0","P174E"
"175","PHE","F","24.331193867132782","12","7","F175F"
"175","PHE","Y","24.331193867132782","12","3","F175Y"
"175","PHE","I","24.331193867132782","12","0","F175I"
"175","PHE","K","24.331193867132782","12","0","F175K"
"176","ALA","Y","22.789613204264793","14","1","A176Y"
"176","ALA","P","22.789613204264793","14","0","A176P"
"176","ALA","A","22.789613204264793","14","2","A176A"
"176","ALA","S","22.789613204264793","14","2","A176S"
"176","ALA","T","22.789613204264793","14","2","A176T"
"176","ALA","N","22.789613204264793","14","0","A176N"
"176","ALA","D","22.789613204264793","14","1","A176D"
"176","ALA","E","22.789613204264793","14","0","A176E"
"176","ALA","K","22.789613204264793","14","0","A176K"
"178","ALA","Y","20.21674904627349","11","0","A178Y"
"178","ALA","P","20.21674904627349","11","0","A178P"
"178","ALA","A","20.21674904627349","11","2","A178A"
"178","ALA","S","20.21674904627349","11","3","A178S"
"178","ALA","T","20.21674904627349","11","2","A178T"
"178","ALA","Q","20.21674904627349","11","0","A178Q"
"178","ALA","E","20.21674904627349","11","1","A178E"
"178","ALA","K","20.21674904627349","11","0","A178K"
"179","LYS","P","17.474923233021652","14","0","K179P"
"179","LYS","N","17.474923233021652","14","0","K179N"
"179","LYS","Q","17.474923233021652","14","1","K179Q"
"179","LYS","D","17.474923233021652","14","3","K179D"
"179","LYS","E","17.474923233021652","14","0","K179E"
"179","LYS","K","17.474923233021652","14","5","K179K"
"179","LYS","R","17.474923233021652","14","2","K179R"
"180","GLU","A","16.638194042623734","11","0","E180A"
"180","GLU","S","16.638194042623734","11","0","E180S"
"180","GLU","Q","16.638194042623734","11","1","E180Q"
"180","GLU","D","16.638194042623734","11","4","E180D"
"180","GLU","E","16.638194042623734","11","4","E180E"
"180","GLU","K","16.638194042623734","11","1","E180K"
