"Position","WT_Residue","Min_Distance_to_Active_Site","Contact_Number"
"1","LYS","24.91847421091428","7"
"2","LYS","24.06605304157705","8"
"3","GLY","20.371677152360334","15"
"4","PRO","19.06593816207322","25"
"5","LYS","20.858015461687625","17"
"6","VAL","19.643237156843572","22"
"7","THR","21.356662590395533","20"
"8","VAL","20.33425213771089","21"
"9","LYS","18.680756863681943","20"
"10","VAL","17.070438248621503","24"
"11","TYR","17.750461008097787","21"
"12","PHE","16.50213498308628","26"
"13","ASP","18.824284873535035","18"
"14","LEU","16.860662798359975","27"
"15","ARG","18.10224110434948","18"
"16","ILE","17.32620864470932","23"
"17","GLY","19.396562659399216","16"
"18","ASP","22.708416897705572","9"
"19","GLU","22.430657725532704","11"
"20","ASP","22.197973691307954","12"
"21","VAL","20.33742441903596","21"
"22","GLY","20.734962864688228","17"
"23","ARG","19.200130207891817","16"
"24","VAL","16.118326619100383","25"
"25","ILE","16.761442807825347","16"
"26","PHE","14.52483204722175","29"
"27","GLY","16.176019813291525","26"
"28","LEU","15.301776367467928","29"
"29","PHE","16.391425319355243","26"
"30","GLY","18.58784715882934","23"
"31","LYS","20.69711796361996","14"
"32","THR","17.989535875058035","21"
"33","VAL","15.68562364077374","26"
"34","PRO","16.770290218120856","15"
"35","LYS","13.797718362106105","19"
"36","THR","11.495987560884014","27"
"37","VAL","14.443170600667983","24"
"38","ASP","15.522915737708557","18"
"39","ASN","12.436708728598575","26"
"40","PHE","12.23522819566517","28"
"41","VAL","15.892192705854027","25"
"42","ALA","15.939137398240847","21"
"43","LEU","12.811054991685891","29"
"44","ALA","14.92673993208162","25"
"45","THR","18.05431330735124","16"
"46","GLY","16.123685341757323","18"
"47","GLU","18.485655141216935","14"
"48","LYS","16.537131371552928","13"
"49","GLY","16.354096551017427","10"
"50","PHE","12.925735955836325","17"
"51","GLY","11.3610146553906","24"
"52","TYR","11.614519878152517","25"
"53","LYS","14.852674674953331","19"
"54","ASN","14.937307287459811","12"
"55","SER","11.302701712422566","24"
"56","LYS","10.574077595705452","23"
"57","PHE","8.05545368058187","26"
"58","HIS","6.887856270277421","24"
"59","ARG","4.556548145252061","22"
"60","VAL","6.646863395617515","22"
"61","ILE","6.378609487968361","14"
"62","LYS","8.776956818852419","15"
"63","ASP","8.458695466796284","8"
"64","PHE","4.983293388914604","18"
"65","MET","5.696685790878763","27"
"66","ILE","6.203395280005941","28"
"67","GLN","3.9065927609619098","21"
"68","GLY","5.858342171638661","27"
"69","GLY","5.784135112529789","24"
"70","ASP","4.661674591817838","25"
"71","PHE","7.272057824302554","22"
"72","THR","6.595856957211853","17"
"73","ARG","6.889150745919268","12"
"74","GLY","7.761107201939682","20"
"75","ASP","5.903157544907639","13"
"76","GLY","2.386138512324881","19"
"77","THR","2.7835462992377193","11"
"78","GLY","2.4032837951436363","18"
"79","GLY","2.8139173761857346","23"
"80","LYS","5.614621447613364","20"
"81","SER","7.876580984158036","23"
"82","ILE","11.475933905351665","21"
"83","TYR","10.949300662599418","15"
"84","GLY","8.903086206479188","12"
"85","GLU","5.419251701111508","13"
"86","ARG","4.539885901649954","17"
"87","PHE","6.589845294086953","19"
"88","PRO","7.581026315743799","12"
"89","ASP","8.464596564515052","20"
"90","GLU","11.604412436655291","19"
"91","ASN","13.241592389135079","14"
"92","PHE","11.510654325449966","15"
"93","LYS","14.664736240382913","14"
"94","LEU","13.272151671827745","23"
"95","LYS","10.617546091258562","18"
"96","HIS","8.77992078551965","25"
"97","TYR","12.174445244034734","21"
"98","GLY","12.040319846249933","16"
"99","PRO","11.582843044779636","19"
"100","GLY","10.4782541484734","25"
"101","TRP","9.153605792254766","27"
"102","VAL","6.986579205877508","26"
"103","SER","5.329329601366387","29"
"104","MET","4.840338108025099","26"
"105","ALA","1.5099940397233353","23"
"106","ASN","0.0","19"
"107","ALA","2.4443586070787555","14"
"108","GLY","4.8658410372719745","12"
"109","LYS","7.483145996170328","10"
"110","ASP","5.927046313299736","12"
"111","THR","2.4061988695866354","16"
"112","ASN","2.7555797938002087","28"
"113","GLY","4.59035314545624","26"
"114","SER","6.303212276292145","27"
"115","GLN","3.886476424732305","23"
"116","PHE","4.361512352384205","29"
"117","PHE","2.5697169104786624","25"
"118","ILE","5.8240021462908125","26"
"119","THR","6.364796147560422","26"
"120","THR","9.495643685395951","25"
"121","VAL","9.395273545778217","16"
"122","LYS","8.639818227254553","16"
"123","THR","5.182100828814507","22"
"124","ALA","6.24190587881618","12"
"125","TRP","3.4536706559832835","11"
"126","LEU","3.112334493591587","21"
"127","ASP","6.89136641022664","15"
"128","GLY","8.188645980868877","17"
"129","LYS","4.928120534240208","15"
"130","HIS","4.404562407322661","24"
"131","VAL","7.843560288542443","27"
"132","VAL","8.683017793371151","28"
"133","PHE","11.01581926140766","32"
"134","GLY","11.740215926464044","30"
"135","LYS","11.854916068872019","28"
"136","VAL","13.16776712278889","20"
"137","LEU","16.948491791306974","19"
"138","GLU","18.342657986235253","14"
"139","GLY","17.695650539044898","19"
"140","MET","15.488713374583442","18"
"141","GLU","17.820313605545778","11"
"142","VAL","16.57318418409691","21"
"143","VAL","12.931468671423211","22"
"144","ARG","14.591336333591931","15"
"145","LYS","16.463432722248417","18"
"146","VAL","13.405158708497263","21"
"147","GLU","11.605369576191876","21"
"148","SER","14.15748459296354","13"
"149","THR","14.105812312660339","20"
"150","LYS","14.25030304940916","10"
"151","THR","11.497295942959804","15"
"152","ASP","11.82225228118568","9"
"153","SER","11.109433018835839","6"
"154","ARG","7.775817063177347","11"
"155","ASP","6.900224054333307","15"
"156","LYS","8.09074316734872","20"
"157","PRO","11.080747312343151","22"
"158","LEU","14.351011845859512","12"
"159","LYS","16.161109491615978","15"
"160","ASP","14.852298609979533","17"
"161","VAL","13.335097299982479","23"
"162","ILE","14.599760408993017","21"
"163","ILE","14.659708523705374","24"
"164","ALA","18.149666250374963","15"
"165","ASP","18.91218065163296","16"
"166","CYS","17.74769308952575","23"
"167","GLY","19.359050028345916","20"
"168","LYS","20.75300486676568","19"
"169","ILE","22.745325717606242","14"
"170","GLU","24.596795258732385","8"
"171","VAL","24.935243030698537","16"
"172","GLU","28.513176778465077","6"
"173","LYS","28.154678634287414","8"
"174","PRO","24.916831700679765","14"
"175","PHE","24.331193867132782","12"
"176","ALA","22.789613204264793","14"
"177","ILE","20.57990792010499","18"
"178","ALA","20.21674904627349","11"
"179","LYS","17.474923233021652","14"
"180","GLU","16.638194042623734","11"
